experiment_id,task,dataset,seed,split_summary,window_size,horizon,model_summary,features_summary,scaler,optimizer,lr,epochs_trained,best_val_mae,best_val_rmse,best_val_mape,test_mae,test_rmse,test_mape,notes
B1,forecasting,S12-hw-dataset,47,65/17.5/17.5 (Temporal),N/A,1,naive-last,,None,,0.0,0,6.520330429077148,8.245376678616061,4.499579429626465,6.330397129058838,8.069220056293826,4.165868759155273,Baseline -> y_t = y_{t-1}
B2,forecasting,S12-hw-dataset,47,65/17.5/17.5 (Temporal),7,1,Moving Average (w=7),,None,,0.0,0,12.611083030700684,15.04543645365779,8.869319915771484,12.838513374328613,15.362841753343723,8.662246704101562,Sliding window mean size 7
B3,forecasting,S12-hw-dataset,47,65/17.5/17.5 (Temporal),24,1,Ridge Regression,"Lags(1,7,14), RollMean/Std(7), Time features",None,Closed-form,0.0,0,5.821296582711407,7.365747187126863,3.9750204317370663,5.75981998646498,7.412377835270802,3.74782792164532,Linear model with engineered features
R1,forecasting,S12-hw-dataset,47,65/17.5/17.5 (Temporal),36,1,GRU Neural Network,Raw scaled sequence,None,Adam,0.002,20,5.108063220977783,6.682674485200255,3.509145975112915,5.489541053771973,7.166017754326476,3.5947751998901367,"Hidden size 64, Best Val Loss 0.1354"
