struct_weight,CHR@5,Coverage,MeanSim@5,ILD@5
0.1,0.788235294117647,0.9941176470588236,0.45530894241590125,0.6721145158155722
0.2,0.8458823529411762,0.9882352941176471,0.48885759816357727,0.6329469826226941
0.3,0.8941176470588236,0.9882352941176471,0.5272344133426379,0.5846041407866427
0.4,0.92,1.0,0.5694907339977962,0.5312243870870982
0.5,0.9282352941176472,1.0,0.6151972905745473,0.4769908759689096
0.6,0.9305882352941176,1.0,0.663233087905878,0.4225593496046058
0.7,0.9329411764705882,1.0,0.7128060785513236,0.36762380470357786
0.8,0.9329411764705882,1.0,0.7631799225319227,0.3153187931932213
0.9,0.9352941176470588,0.9882352941176471,0.8141932266872054,0.25770616736123947
